algo,size_label,size_bytes,mean_sec,median_sec,stdev_sec,ci95_low,ci95_high,throughput_MBps
sha256,1MiB,1048576,0.00147163,0.00144656,9.40677e-05,0.00143797,0.00150529,679.517
sha512,1MiB,1048576,0.00337172,0.00338592,7.62329e-05,0.00334445,0.003399,296.584
sha3-256,1MiB,1048576,0.00488574,0.00491686,0.000122717,0.00484182,0.00492965,204.677
sha3-512,1MiB,1048576,0.0092074,0.00917977,8.67247e-05,0.00917636,0.00923843,108.608
sha256,100MiB,104857600,0.150556,0.148486,0.0118319,0.146322,0.15479,664.203
sha512,100MiB,104857600,0.346358,0.346012,0.00106211,0.345978,0.346738,288.718
sha3-256,100MiB,104857600,0.504733,0.504504,0.00202351,0.504009,0.505457,198.125
sha3-512,100MiB,104857600,0.925079,0.924568,0.00402462,0.923639,0.92652,108.099
